Cluster,SegmentName,n_users,total_courses,avg_spending,total_spending,avg_course_rating,diversity_score,learning_depth_index,beginner_ratio,advanced_ratio,enrollment_frequency,n_categories,recency_days,SilhouetteVal,top_preferred_category,top_preferred_level,color,description
0,🎓 Eager Learners,255,18.40392156862745,678.7045795515513,12362.908392156864,4.299546903605794,5.6,0.38340526647534817,0.39192121903625754,0.15873175198695383,0.014195373013283576,5.6,83.16470588235295,0.44785509393420714,DCD & Motor Disorders,Intermediate,#4361ee,"Newly qualified professionals exploring many CPD areas. High course volume, beginner-intermediate level."
1,📜 CPD Collectors,22,1.0,631.9240909090909,631.9240909090909,4.531818181818182,1.0,0.3181818181818182,0.5,0.13636363636363635,1.0,1.0,714.7272727272727,0.24648846942880862,DCD & Motor Disorders,Beginner,#f72585,Mid-career professionals actively accumulating HPCSA/SAPIK accreditation points across specialties.
2,🔬 Clinical Experts,137,7.868613138686132,998.3656329955527,7826.71,4.277858005741217,3.875912408759124,0.8012723489000861,0.06186961862144343,0.6644143164216156,0.007347249754182304,3.875912408759124,183.52554744525548,0.3657198142502571,DCD & Motor Disorders,Advanced,#7209b7,Veteran therapists going deep into specific disorders. Advanced level. Highest spend-per-course.
3,👀 Curious Browsers,86,3.9186046511627906,566.9850433277962,2238.204651162791,4.315633997785161,2.813953488372093,0.19439368770764118,0.664765596160945,0.05355297157622738,0.0078315574950218,2.813953488372093,397.51162790697674,0.27814487650665504,Classroom Interventions,Beginner,#4cc9f0,"Teachers, parents and allied professionals occasionally exploring EdUPro content. Re-activation opportunity."
